Province/State,Country/Region,Lat,Long,1/22/20,1/23/20,1/24/20,1/25/20,1/26/20,1/27/20,1/28/20,1/29/20,1/30/20,1/31/20,02/01/20,02/02/20,02/03/20,02/04/20,02/05/20,02/06/20,02/07/20,02/08/20,02/09/20,02/10/20,02/11/20,02/12/20,2/13/20,2/14/20,2/15/20,2/16/20,2/17/20,2/18/20,2/19/20,2/20/20,2/21/20,2/22/20,2/23/20,2/24/20,2/25/20,2/26/20,2/27/20,2/28/20,2/29/20,03/01/20,03/02/20,03/03/20,03/04/20,03/05/20,03/06/20,03/07/20,03/08/20,03/09/20,03/10/20,03/11/20,03/12/20,3/13/20,3/14/20,3/15/20,3/16/20,3/17/20,3/18/20,3/19/20,3/20/20,3/21/20,3/22/20,3/23/20,3/24/20,3/25/20,3/26/20,3/27/20,3/28/20,3/29/20,3/30/20,3/31/20,04/01/20,04/02/20,04/03/20,04/04/20,04/05/20,04/06/20,04/07/20,04/08/20,04/09/20,04/10/20,04/11/20,04/12/20,4/13/20,4/14/20,4/15/20,4/16/20,4/17/20,4/18/20,4/19/20,4/20/20,4/21/20,4/22/20,4/23/20,4/24/20,4/25/20,4/26/20,4/27/20,4/28/20,4/29/20,4/30/20,05/01/20,05/02/20,05/03/20,05/04/20,05/05/20,05/06/20,05/07/20,05/08/20,05/09/20,05/10/20,05/11/20,05/12/20,5/13/20,5/14/20,5/15/20,5/16/20,5/17/20,5/18/20,5/19/20,5/20/20,5/21/20,5/22/20,5/23/20,5/24/20,5/25/20,5/26/20,5/27/20,5/28/20,5/29/20,5/30/20,5/31/20,06/01/20,06/02/20,06/03/20,06/04/20,06/05/20,06/06/20,06/07/20,06/08/20,06/09/20,06/10/20,06/11/20,06/12/20,6/13/20,6/14/20,6/15/20,6/16/20,6/17/20,6/18/20,6/19/20,6/20/20,6/21/20,6/22/20,6/23/20,6/24/20,6/25/20,6/26/20,6/27/20,6/28/20,6/29/20,6/30/20,07/01/20,07/02/20,07/03/20,07/04/20,07/05/20,07/06/20,07/07/20,07/08/20,07/09/20,07/10/20,07/11/20,07/12/20,7/13/20,7/14/20,7/15/20,7/16/20,7/17/20,7/18/20,7/19/20,7/20/20,7/21/20,7/22/20,7/23/20,7/24/20,7/25/20,7/26/20,7/27/20,7/28/20,7/29/20,7/30/20,7/31/20,08/01/20,08/02/20,08/03/20,08/04/20,08/05/20,08/06/20,08/07/20,08/08/20,08/09/20,08/10/20,08/11/20,08/12/20,8/13/20,8/14/20,8/15/20,8/16/20,8/17/20,8/18/20,8/19/20,8/20/20,8/21/20,8/22/20,8/23/20,8/24/20,8/25/20,8/26/20,8/27/20,8/28/20,8/29/20,8/30/20,8/31/20,09/01/20,09/02/20,09/03/20,09/04/20,09/05/20,09/06/20,09/07/20,09/08/20,09/09/20,09/10/20,09/11/20,09/12/20,9/13/20,9/14/20,9/15/20,9/16/20,9/17/20,9/18/20,9/19/20,9/20/20,9/21/20,9/22/20,9/23/20,9/24/20,9/25/20,9/26/20,9/27/20,9/28/20,9/29/20,9/30/20,10/01/20,10/02/20,10/03/20,10/04/20,10/05/20,10/06/20,10/07/20,10/08/20,10/09/20,10/10/20,10/11/20,10/12/20,10/13/20,10/14/20,10/15/20,10/16/20,10/17/20,10/18/20,10/19/20,10/20/20,10/21/20,10/22/20,10/23/20,10/24/20,10/25/20,10/26/20,10/27/20,10/28/20,10/29/20,10/30/20,10/31/20,11/01/20,11/02/20,11/03/20,11/04/20,11/05/20,11/06/20,11/07/20,11/08/20,11/09/20,11/10/20,11/11/20,11/12/20,11/13/20,11/14/20,11/15/20,11/16/20,11/17/20,11/18/20,11/19/20,11/20/20,11/21/20,11/22/20,11/23/20,11/24/20,11/25/20,11/26/20,11/27/20,11/28/20,11/29/20,11/30/20,12/01/20,12/02/20,12/03/20,12/04/20,12/05/20,12/06/20,12/07/20,12/08/20,12/09/20,12/10/20,12/11/20,12/12/20,12/13/20,12/14/20,12/15/20,12/16/20,12/17/20,12/18/20,12/19/20,12/20/20,12/21/20,12/22/20,12/23/20,12/24/20,12/25/20,12/26/20,12/27/20,12/28/20,12/29/20,12/30/20,12/31/20,01/01/21,01/02/21,01/03/21,01/04/21,01/05/21,01/06/21,01/07/21,01/08/21,01/09/21,01/10/21,01/11/21,01/12/21,1/13/21,1/14/21,1/15/21,1/16/21,1/17/21,1/18/21,1/19/21,1/20/21,1/21/21,1/22/21,1/23/21,1/24/21,1/25/21,1/26/21,1/27/21,1/28/21,1/29/21,1/30/21,1/31/21,02/01/21,02/02/21,02/03/21,02/04/21,02/05/21,02/06/21,02/07/21,02/08/21,02/09/21,02/10/21,02/11/21,02/12/21,2/13/21,2/14/21,2/15/21,2/16/21,2/17/21,2/18/21,2/19/21,2/20/21,2/21/21,2/22/21,2/23/21,2/24/21,2/25/21,2/26/21,2/27/21,2/28/21,03/01/21,03/02/21,03/03/21,03/04/21,03/05/21,03/06/21,03/07/21,03/08/21,03/09/21,03/10/21,03/11/21,03/12/21,3/13/21,3/14/21,3/15/21,3/16/21,3/17/21,3/18/21,3/19/21,3/20/21,3/21/21,3/22/21,3/23/21,3/24/21,3/25/21,3/26/21,3/27/21,3/28/21,3/29/21,3/30/21,3/31/21,04/01/21,04/02/21,04/03/21,04/04/21,04/05/21,04/06/21,04/07/21,04/08/21,04/09/21,04/10/21,04/11/21,04/12/21,4/13/21,4/14/21,4/15/21,4/16/21,4/17/21,4/18/21,4/19/21,4/20/21,4/21/21,4/22/21,4/23/21,4/24/21,4/25/21,4/26/21,4/27/21,4/28/21,4/29/21,4/30/21,05/01/21,05/02/21,05/03/21,05/04/21,05/05/21,05/06/21,05/07/21,05/08/21,05/09/21,05/10/21,05/11/21,05/12/21,5/13/21,5/14/21,5/15/21,5/16/21,5/17/21,5/18/21,5/19/21,5/20/21,5/21/21,5/22/21,5/23/21,5/24/21,5/25/21,5/26/21,5/27/21,5/28/21,5/29/21,5/30/21,5/31/21,06/01/21,06/02/21,06/03/21,06/04/21,06/05/21,06/06/21,06/07/21,06/08/21,06/09/21,06/10/21,06/11/21,06/12/21,6/13/21,6/14/21,6/15/21,6/16/21,6/17/21,6/18/21,6/19/21,6/20/21,6/21/21,6/22/21,6/23/21,6/24/21,6/25/21,6/26/21,6/27/21,6/28/21,6/29/21,6/30/21,07/01/21,07/02/21,07/03/21,07/04/21,07/05/21,07/06/21,07/07/21,07/08/21,07/09/21,07/10/21,07/11/21,07/12/21,7/13/21,7/14/21,7/15/21,7/16/21,7/17/21,7/18/21,7/19/21,7/20/21,7/21/21,7/22/21,7/23/21,7/24/21,7/25/21,7/26/21,7/27/21,7/28/21,7/29/21,7/30/21,7/31/21,08/01/21,08/02/21,08/03/21,08/04/21,08/05/21,08/06/21,08/07/21,08/08/21,08/09/21,08/10/21,08/11/21,08/12/21,8/13/21,8/14/21,8/15/21,8/16/21,8/17/21,8/18/21,8/19/21,8/20/21,8/21/21,8/22/21,8/23/21,8/24/21,8/25/21,8/26/21,8/27/21,8/28/21,8/29/21,8/30/21,8/31/21,09/01/21,09/02/21,09/03/21,09/04/21,09/05/21,09/06/21,09/07/21,09/08/21,09/09/21,09/10/21,09/11/21,09/12/21,9/13/21,9/14/21,9/15/21,9/16/21,9/17/21,9/18/21,9/19/21,9/20/21,9/21/21,9/22/21,9/23/21,9/24/21,9/25/21,9/26/21,9/27/21,9/28/21,9/29/21,9/30/21,10/01/21,10/02/21,10/03/21,10/04/21,10/05/21,10/06/21,10/07/21,10/08/21,10/09/21,10/10/21,10/11/21,10/12/21,10/13/21,10/14/21,10/15/21,10/16/21,10/17/21,10/18/21,10/19/21,10/20/21,10/21/21,10/22/21,10/23/21,10/24/21,10/25/21,10/26/21,10/27/21,10/28/21,10/29/21,10/30/21,10/31/21,11/01/21,11/02/21,11/03/21,11/04/21,11/05/21,11/06/21,11/07/21,11/08/21,11/09/21,11/10/21,11/11/21,11/12/21,11/13/21,11/14/21,11/15/21,11/16/21,11/17/21,11/18/21,11/19/21,11/20/21,11/21/21,11/22/21,11/23/21,11/24/21,11/25/21,11/26/21,11/27/21,11/28/21,11/29/21,11/30/21,12/01/21,12/02/21,12/03/21,12/04/21,12/05/21,12/06/21,12/07/21,12/08/21,12/09/21,12/10/21,12/11/21,12/12/21,12/13/21,12/14/21,12/15/21,12/16/21,12/17/21,12/18/21,12/19/21,12/20/21,12/21/21,12/22/21,12/23/21,12/24/21,12/25/21,12/26/21,12/27/21,12/28/21,12/29/21,12/30/21,12/31/21,01/01/22,01/02/22,01/03/22,01/04/22,01/05/22,01/06/22,01/07/22,01/08/22,01/09/22,01/10/22,01/11/22,01/12/22,1/13/22,1/14/22,1/15/22,1/16/22,1/17/22,1/18/22,1/19/22,1/20/22,1/21/22,1/22/22,1/23/22,1/24/22,1/25/22,1/26/22,1/27/22,1/28/22,1/29/22,1/30/22,1/31/22,02/01/22,02/02/22,02/03/22,02/04/22,02/05/22,02/06/22,02/07/22,02/08/22,02/09/22,02/10/22,02/11/22,ISO 3166-1 Alpha 3-Codes,Region Code,Region Name,Sub-region Code,Sub-region Name,Intermediate Region Code,Intermediate Region Name,Cumulative
Alberta,Canada,53.9333,-116.5765,0,0,0,0,0,0,0,0,0,0,0,0,0,0,0,0,0,0,0,0,0,0,0,0,0,0,0,0,0,0,0,0,0,0,0,0,0,0,0,0,0,0,0,0,0,0,0,0,0,0,0,0,0,0,0,0,0,0,1,1,1,1,1,2,2,2,2,2,3,8,9,13,13,18,20,23,24,26,29,32,40,40,46,48,48,48,50,51,51,59,61,66,68,72,73,73,75,80,87,90,92,94,95,104,106,112,114,115,116,117,117,118,120,121,125,126,127,128,128,128,132,134,135,135,138,139,141,143,143,143,143,143,143,145,146,146,146,146,149,151,151,149,149,150,150,151,151,151,152,152,152,152,153,153,153,154,154,154,154,154,154,154,155,155,155,155,155,157,158,161,161,160,160,161,163,163,165,167,167,167,170,172,172,176,178,178,178,186,187,190,195,196,196,196,196,201,203,205,208,208,208,213,216,217,220,221,221,221,221,225,227,227,230,230,230,234,235,235,237,237,237,237,239,241,242,242,242,242,242,242,247,247,253,253,253,253,254,254,254,254,255,255,255,256,258,260,261,261,261,261,265,266,267,269,272,272,272,280,281,281,283,283,283,283,283,286,287,288,288,288,288,292,293,296,296,300,300,300,307,309,313,318,323,323,323,323,338,338,343,352,357,363,369,376,383,393,398,401,407,427,432,443,451,462,471,471,476,492,500,510,519,524,533,541,551,561,575,590,596,615,631,640,653,666,684,697,719,733,744,760,790,815,841,851,860,871,890,920,938,955,982,1002,1028,1046,1046,1046,1046,1046,1142,1168,1193,1217,1241,1272,1284,1307,1345,1368,1389,1402,1417,1436,1447,1463,1484,1500,1512,1525,1549,1574,1587,1599,1606,1620,1631,1639,1649,1660,1671,1684,1693,1705,1709,1710,1722,1728,1744,1760,1775,1780,1782,1791,1798,1805,1812,1818,1827,1843,1853,1866,1874,1877,1883,1886,1888,1890,1902,1911,1913,1914,1914,1920,1926,1928,1933,1935,1940,1946,1949,1952,1956,1957,1957,1961,1963,1968,1971,1973,1976,1979,1980,1983,1983,1987,1990,1994,1994,1994,1994,1998,2001,2002,2005,2007,2012,2013,2018,2021,2029,2034,2034,2037,2040,2043,2048,2048,2054,2059,2064,2067,2074,2067,2073,2075,2082,2083,2086,2090,2099,2102,2102,2106,2108,2110,2117,2119,2123,2132,2137,2140,2143,2148,2152,2158,2162,2164,2170,2176,2183,2192,2198,2199,2206,2214,2219,2227,2228,2231,2236,2243,2246,2246,2248,2251,2256,2262,2265,2269,2270,2270,2274,2278,2280,2283,2289,2290,2292,2290,2292,2293,2293,2293,2293,2295,2299,2301,2301,2301,2301,2301,2303,2305,2307,2307,2307,2307,2307,2307,2310,2311,2312,2314,2314,2314,2316,2318,2318,2320,2322,2322,2322,2322,2325,2325,2325,2328,2328,2328,2328,2328,2328,2329,2325,2325,2325,2328,2330,2331,2331,2332,2332,2332,2333,2336,2338,2342,2343,2343,2343,2348,2355,2356,2360,2364,2364,2364,2371,2375,2383,2388,2390,2390,2390,2390,2407,2425,2434,2444,2444,2444,2462,2471,2495,2505,2523,2523,2523,2545,2574,2594,2611,2622,2622,2622,2645,2663,2697,2717,2731,2731,2731,2752,2778,2804,2814,2830,2830,2830,2830,2863,2901,2930,2946,2946,2946,2976,2988,3006,3014,3026,3026,3026,3051,3063,3073,3085,3093,3093,3093,3111,3119,3133,3137,3142,3142,3142,3155,3159,3164,3164,3171,3171,3171,3188,3201,3204,3209,3211,3211,3211,3217,3227,3231,3232,3235,3235,3235,3242,3248,3255,3257,3258,3258,3258,3263,3268,3272,3271,3272,3272,3272,3275,3283,3286,3285,3286,3286,3286,3292,3294,3299,3299,3299,3299,3299,3299,3299,3310,3310,3310,3310,3310,3310,3322,3333,3336,3338,3338,3338,3344,3352,3367,3375,3380,3380,3380,3403,3412,3413,3421,3429,3429,3429,3429,3483,3483,3518,3531,3531,3531,3566,3579,3593,3608,3634,3634,3634,3673,3686,3696,3718,3741,CAN,19,Americas,21,Northern America,,,3741
British Columbia,Canada,53.7267,-127.6476,0,0,0,0,0,0,0,0,0,0,0,0,0,0,0,0,0,0,0,0,0,0,0,0,0,0,0,0,0,0,0,0,0,0,0,0,0,0,0,0,0,0,0,0,0,0,0,1,1,1,1,1,1,1,4,4,7,7,8,10,10,13,13,13,14,14,17,17,19,24,24,31,31,38,38,38,39,43,48,50,58,58,69,69,72,75,77,78,81,82,87,90,94,98,100,100,104,106,109,111,112,114,114,117,121,124,126,127,129,129,130,132,132,135,140,141,141,143,146,149,152,155,157,157,161,161,162,164,164,164,164,165,165,166,166,167,167,167,167,167,167,167,168,168,168,168,168,168,168,168,168,168,169,170,171,173,174,174,174,174,174,174,177,177,177,177,183,183,186,186,187,187,187,189,189,189,189,189,189,189,189,189,189,190,190,191,191,193,194,194,194,195,195,195,195,195,195,195,195,195,195,195,195,195,196,196,196,196,196,198,198,198,202,202,202,203,203,203,204,204,204,204,208,209,209,210,211,211,211,211,213,213,213,213,213,213,219,219,219,220,223,223,223,227,227,227,227,230,230,230,233,234,234,235,238,238,238,242,244,244,245,245,245,245,245,250,250,250,251,251,251,253,254,256,256,256,256,256,259,259,261,262,263,263,263,269,272,273,273,275,276,276,281,284,284,288,290,290,290,299,310,320,321,331,331,331,348,358,371,384,395,395,395,441,457,469,481,492,492,492,527,543,559,587,598,598,598,647,668,692,713,724,724,724,765,777,796,808,808,808,808,808,882,893,901,901,901,901,946,954,962,970,988,988,988,1010,1019,1031,1038,1047,1047,1047,1078,1090,1104,1119,1128,1128,1128,1154,1168,1172,1184,1189,1189,1189,1210,1218,1234,1240,1246,1246,1246,1259,1263,1269,1278,1288,1288,1288,1288,1314,1317,1321,1327,1327,1327,1335,1336,1338,1348,1355,1355,1355,1363,1365,1372,1376,1380,1380,1380,1391,1393,1394,1397,1397,1397,1397,1407,1407,1411,1419,1421,1421,1421,1437,1438,1441,1446,1449,1449,1449,1455,1455,1458,1463,1463,1463,1463,1463,1489,1491,1493,1495,1495,1495,1513,1515,1521,1524,1530,1530,1530,1538,1539,1546,1550,1554,1554,1554,1571,1571,1576,1577,1581,1581,1581,1596,1597,1594,1595,1602,1602,1602,1622,1624,1627,1632,1634,1634,1634,1648,1650,1658,1661,1667,1667,1667,1667,1680,1683,1690,1692,1692,1692,1703,1703,1707,1709,1710,1710,1710,1722,1722,1725,1729,1730,1730,1730,1734,1734,1738,1739,1740,1740,1740,1743,1743,1744,1747,1749,1749,1749,1754,1754,1754,1754,1756,1756,1756,1759,1759,1759,1760,1760,1760,1760,1760,1760,1760,1761,1761,1761,1761,1763,1763,1763,1763,1767,1767,1767,1768,1768,1771,1771,1771,1771,1771,1771,1772,1772,1772,1772,1772,1772,1777,1777,1778,1779,1779,1779,1779,1780,1781,1782,1784,1785,1785,1785,1801,1801,1802,1804,1807,1807,1807,1814,1816,1818,1824,1827,1827,1827,1827,1842,1842,1847,1856,1856,1856,1865,1866,1873,1877,1888,1888,1888,1899,1900,1910,1915,1922,1922,1922,1940,1942,1953,1953,1973,1973,1973,1983,1983,1992,1996,2001,2001,2001,2001,2029,2033,2042,2055,2055,2055,2081,2086,2092,2096,2109,2109,2109,2129,2131,2137,2147,2156,2156,2156,2181,2186,2192,2200,2201,2201,2201,2218,2223,2234,2234,2257,2257,2257,2273,2274,2281,2290,2293,2293,2293,2303,2304,2313,2316,2322,2322,2322,2333,2333,2340,2345,2351,2351,2351,2362,2363,2369,2378,2381,2381,2381,2386,2386,2393,2396,2399,2399,2399,2402,2403,2409,2410,2414,2414,2414,2414,2414,2419,2420,2423,2423,2423,2423,2427,2427,2430,2439,2439,2439,2446,2449,2455,2462,2468,2468,2468,2490,2492,2505,2520,2529,2529,2529,2529,2554,2554,2588,2597,2597,2597,2616,2625,2643,2656,2675,2675,2675,2707,2707,2725,2730,2747,CAN,19,Americas,21,Northern America,,,2747
Manitoba,Canada,53.7609,-98.8139,0,0,0,0,0,0,0,0,0,0,0,0,0,0,0,0,0,0,0,0,0,0,0,0,0,0,0,0,0,0,0,0,0,0,0,0,0,0,0,0,0,0,0,0,0,0,0,0,0,0,0,0,0,0,0,0,0,0,0,0,0,0,0,0,0,1,1,1,1,1,1,1,2,2,2,2,3,3,3,3,4,4,4,4,5,5,5,5,5,6,6,6,6,6,6,6,6,6,6,6,6,6,6,6,7,7,7,7,7,7,7,7,7,7,7,7,7,7,7,7,7,7,7,7,7,7,7,7,7,7,7,7,7,7,7,7,7,7,7,7,7,7,7,7,7,7,7,7,7,7,7,7,7,7,7,7,7,7,7,7,7,7,7,7,7,7,7,7,7,7,7,7,7,7,7,7,7,7,7,7,7,7,7,7,7,7,7,7,8,8,8,8,8,8,8,8,8,8,8,8,8,8,8,8,8,8,9,9,9,11,12,12,12,12,12,12,13,13,14,14,14,14,14,14,14,16,16,16,16,16,16,16,16,16,16,16,16,16,16,16,16,16,16,18,18,18,19,20,19,19,20,20,20,20,21,22,23,23,24,27,27,30,32,32,34,35,37,38,38,38,40,42,42,43,47,48,50,54,55,58,61,62,65,67,75,80,85,87,91,96,103,106,109,114,123,132,137,152,162,172,179,190,198,207,217,229,236,248,256,266,280,290,301,312,328,342,353,362,381,395,407,420,438,451,465,483,490,499,508,523,537,547,556,569,572,590,605,617,617,617,645,654,659,661,667,667,678,683,688,695,705,717,726,733,738,741,748,753,755,760,761,769,773,783,788,793,795,797,799,804,809,813,821,823,825,829,832,832,835,837,838,842,846,850,853,859,862,866,866,871,871,875,876,878,879,882,884,886,886,887,888,889,893,895,896,898,901,903,904,905,907,907,907,908,911,912,916,917,917,917,917,918,919,920,927,928,929,929,929,932,933,934,934,934,935,937,937,938,938,940,942,943,946,949,949,949,949,951,954,955,955,958,959,959,960,961,962,964,967,967,968,968,971,973,974,976,978,979,980,982,986,987,990,993,997,997,1000,1002,1002,1006,1010,1011,1012,1016,1019,1022,1028,1029,1033,1035,1035,1042,1042,1045,1052,1053,1056,1062,1067,1071,1072,1075,1077,1079,1081,1087,1089,1093,1100,1102,1104,1111,1112,1115,1118,1124,1125,1129,1132,1134,1135,1138,1139,1139,1139,1141,1141,1147,1148,1150,1151,1152,1154,1157,1160,1160,1161,1162,1163,1163,1164,1164,1164,1165,1165,1165,1166,1167,1170,1171,1172,1172,1172,1175,1177,1178,1178,1178,1178,1181,1181,1183,1184,1184,1184,1184,1184,1183,1184,1185,1185,1185,1187,1188,1188,1188,1188,1188,1188,1188,1188,1189,1189,1189,1189,1189,1189,1189,1190,1192,1192,1192,1192,1192,1198,1198,1199,1200,1200,1200,1202,1201,1203,1203,1204,1204,1204,1205,1206,1207,1207,1207,1207,1207,1209,1211,1211,1211,1211,1211,1211,1213,1213,1214,1215,1217,1217,1217,1217,1224,1224,1226,1230,1230,1230,1231,1234,1235,1235,1235,1235,1235,1237,1237,1240,1244,1246,1246,1246,1248,1249,1251,1253,1256,1256,1256,1262,1266,1268,1268,1269,1269,1269,1273,1274,1276,1281,1285,1285,1285,1292,1296,1299,1304,1305,1305,1305,1315,1319,1321,1324,1328,1328,1328,1334,1338,1341,1344,1345,1345,1345,1353,1355,1357,1359,1360,1360,1360,1366,1366,1368,1369,1370,1370,1370,1378,1383,1384,1387,1392,1392,1392,1398,1400,1402,1408,1408,1408,1408,1427,1426,1429,1438,1443,1443,1443,1463,1466,1478,1485,1492,1492,1492,1515,1521,1521,1538,1543,1543,1543,1562,1569,1576,1583,1585,1585,1585,1600,1602,1613,1616,1619,CAN,19,Americas,21,Northern America,,,1619
New Brunswick,Canada,46.5653,-66.4619,0,0,0,0,0,0,0,0,0,0,0,0,0,0,0,0,0,0,0,0,0,0,0,0,0,0,0,0,0,0,0,0,0,0,0,0,0,0,0,0,0,0,0,0,0,0,0,0,0,0,0,0,0,0,0,0,0,0,0,0,0,0,0,0,0,0,0,0,0,0,0,0,0,0,0,0,0,0,0,0,0,0,0,0,0,0,0,0,0,0,0,0,0,0,0,0,0,0,0,0,0,0,0,0,0,0,0,0,0,0,0,0,0,0,0,0,0,0,0,0,0,0,0,0,0,0,0,0,0,0,0,0,0,0,1,1,1,1,1,1,1,1,1,2,2,2,2,2,2,2,2,2,2,2,2,2,2,2,2,2,2,2,2,2,2,2,2,2,2,2,2,2,2,2,2,2,2,2,2,2,2,2,2,2,2,2,2,2,2,2,2,2,2,2,2,2,2,2,2,2,2,2,2,2,2,2,2,2,2,2,2,2,2,2,2,2,2,2,2,2,2,2,2,2,2,2,2,2,2,2,2,2,2,2,2,2,2,2,2,2,2,2,2,2,2,2,2,2,2,2,2,2,2,2,2,2,2,2,2,2,2,2,2,2,2,2,2,2,2,2,3,3,3,4,4,4,4,6,6,6,6,6,6,6,6,6,6,6,6,6,6,6,6,6,6,6,6,6,6,6,6,6,6,6,6,6,7,7,7,7,7,7,7,7,7,7,7,7,7,7,7,7,7,7,8,8,8,8,8,8,8,8,8,8,8,8,8,8,8,8,8,8,8,8,9,9,9,9,9,9,9,9,9,9,9,9,11,12,12,12,12,12,12,13,13,13,13,13,13,14,14,16,16,17,18,18,18,18,18,18,18,20,20,20,21,21,22,22,22,22,23,24,24,24,24,24,25,26,26,26,26,26,26,27,27,28,28,28,28,28,28,28,29,29,29,30,30,30,30,30,30,30,30,30,30,30,30,30,30,30,30,30,30,30,30,30,30,30,30,30,30,31,31,32,33,33,33,33,33,33,33,33,33,33,33,34,34,34,35,35,35,36,36,36,36,36,37,38,38,39,40,40,41,41,41,41,41,41,41,41,41,41,42,43,43,43,43,43,43,43,43,43,43,43,43,43,43,43,44,44,44,44,44,44,44,44,44,45,45,45,45,45,45,45,45,45,45,45,45,45,45,45,45,45,45,45,45,45,45,46,46,46,46,46,46,46,46,46,46,46,46,46,46,46,46,46,46,46,46,46,46,46,46,46,46,46,46,46,46,46,46,46,46,46,46,46,46,46,46,46,46,46,46,46,46,46,46,46,46,46,46,46,46,46,46,46,46,46,46,46,46,46,46,46,47,47,47,47,47,47,47,47,48,48,48,48,48,48,48,49,49,52,53,54,54,56,57,59,60,64,66,68,69,70,70,72,72,74,75,75,80,82,84,87,90,91,94,99,101,106,107,108,111,111,112,114,114,116,117,117,118,119,120,121,121,121,121,121,121,121,121,121,122,122,122,122,122,122,122,122,122,123,123,123,123,123,123,124,125,128,130,132,132,133,136,136,136,138,139,140,140,142,144,144,144,146,148,148,148,148,149,151,152,152,152,156,156,157,159,160,160,160,162,165,168,169,170,171,172,172,173,174,178,182,183,187,189,192,196,199,201,207,207,212,215,215,224,228,228,233,238,243,247,251,252,258,259,263,269,275,278,282,CAN,19,Americas,21,Northern America,,,282
Newfoundland and Labrador,Canada,53.1355,-57.6604,0,0,0,0,0,0,0,0,0,0,0,0,0,0,0,0,0,0,0,0,0,0,0,0,0,0,0,0,0,0,0,0,0,0,0,0,0,0,0,0,0,0,0,0,0,0,0,0,0,0,0,0,0,0,0,0,0,0,0,0,0,0,0,0,0,0,0,0,1,1,1,1,1,1,1,1,1,1,2,3,3,3,3,3,3,3,3,3,3,3,3,3,3,3,3,3,3,3,3,3,3,3,3,3,3,3,3,3,3,3,3,3,3,3,3,3,3,3,3,3,3,3,3,3,3,3,3,3,3,3,3,3,3,3,3,3,3,3,3,3,3,3,3,3,3,3,3,3,3,3,3,3,3,3,3,3,3,3,3,3,3,3,3,3,3,3,3,3,3,3,3,3,3,3,3,3,3,3,3,3,3,3,3,3,3,3,3,3,3,3,3,3,3,3,3,3,3,3,3,3,3,3,3,3,3,3,3,3,3,3,3,3,3,3,3,3,3,3,3,3,3,3,3,3,3,3,3,3,3,3,3,3,3,3,3,3,3,3,3,3,3,3,3,3,3,3,3,3,3,3,3,3,3,3,3,4,4,4,4,4,4,4,4,4,4,4,4,4,4,4,4,4,4,4,4,4,4,4,4,4,4,4,4,4,4,4,4,4,4,4,4,4,4,4,4,4,4,4,4,4,4,4,4,4,4,4,4,4,4,4,4,4,4,4,4,4,4,4,4,4,4,4,4,4,4,4,4,4,4,4,4,4,4,4,4,4,4,4,4,4,4,4,4,4,4,4,4,4,4,4,4,4,4,4,4,4,4,4,4,4,4,4,4,4,4,4,4,4,4,4,4,4,4,4,4,4,4,4,4,4,4,4,4,4,4,4,4,4,4,4,4,4,4,4,4,4,4,4,4,5,5,5,6,6,6,6,6,6,6,6,6,6,6,6,6,6,6,6,6,6,6,6,6,6,6,6,6,6,6,6,6,6,6,6,6,6,6,6,6,6,6,6,6,6,6,6,6,6,6,6,6,6,6,6,6,6,6,6,6,6,6,6,6,6,6,6,6,6,6,6,6,6,6,6,6,6,6,6,6,6,6,6,6,6,6,6,6,6,6,6,6,6,6,6,6,6,6,6,6,6,6,6,6,7,7,7,7,7,7,7,7,7,7,7,7,7,7,7,7,7,7,7,7,7,7,7,7,7,7,7,7,7,7,7,7,7,7,7,7,7,7,7,7,7,7,7,7,7,7,7,7,7,7,7,7,7,7,7,7,7,7,7,7,7,7,7,7,7,7,7,7,7,7,7,7,7,7,7,7,7,7,7,7,7,7,7,7,7,7,7,7,7,7,7,7,7,7,7,7,7,7,7,7,7,7,7,7,7,7,7,7,7,7,7,8,8,8,8,10,10,10,10,10,10,10,11,11,11,11,13,13,13,13,13,13,15,15,15,15,15,15,15,15,15,16,16,16,16,16,16,16,16,16,16,16,16,16,16,16,16,16,16,16,17,17,17,17,17,17,17,17,17,18,18,18,18,18,18,18,18,18,18,18,18,18,18,18,18,18,18,18,18,18,18,18,18,18,18,18,18,18,18,18,18,18,18,18,18,18,18,19,19,20,20,20,20,21,21,21,23,23,23,23,24,24,24,26,28,28,30,30,30,30,30,31,31,38,38,38,38,40,40,44,45,45,45,45,46,48,50,50,52,CAN,19,Americas,21,Northern America,,,52
Northwest Territories,Canada,64.8255,-124.8457,0,0,0,0,0,0,0,0,0,0,0,0,0,0,0,0,0,0,0,0,0,0,0,0,0,0,0,0,0,0,0,0,0,0,0,0,0,0,0,0,0,0,0,0,0,0,0,0,0,0,0,0,0,0,0,0,0,0,0,0,0,0,0,0,0,0,0,0,0,0,0,0,0,0,0,0,0,0,0,0,0,0,0,0,0,0,0,0,0,0,0,0,0,0,0,0,0,0,0,0,0,0,0,0,0,0,0,0,0,0,0,0,0,0,0,0,0,0,0,0,0,0,0,0,0,0,0,0,0,0,0,0,0,0,0,0,0,0,0,0,0,0,0,0,0,0,0,0,0,0,0,0,0,0,0,0,0,0,0,0,0,0,0,0,0,0,0,0,0,0,0,0,0,0,0,0,0,0,0,0,0,0,0,0,0,0,0,0,0,0,0,0,0,0,0,0,0,0,0,0,0,0,0,0,0,0,0,0,0,0,0,0,0,0,0,0,0,0,0,0,0,0,0,0,0,0,0,0,0,0,0,0,0,0,0,0,0,0,0,0,0,0,0,0,0,0,0,0,0,0,0,0,0,0,0,0,0,0,0,0,0,0,0,0,0,0,0,0,0,0,0,0,0,0,0,0,0,0,0,0,0,0,0,0,0,0,0,0,0,0,0,0,0,0,0,0,0,0,0,0,0,0,0,0,0,0,0,0,0,0,0,0,0,0,0,0,0,0,0,0,0,0,0,0,0,0,0,0,0,0,0,0,0,0,0,0,0,0,0,0,0,0,0,0,0,0,0,0,0,0,0,0,0,0,0,0,0,0,0,0,0,0,0,0,0,0,0,0,0,0,0,0,0,0,0,0,0,0,0,0,0,0,0,0,0,0,0,0,0,0,0,0,0,0,0,0,0,0,0,0,0,0,0,0,0,0,0,0,0,0,0,0,0,0,0,0,0,0,0,0,0,0,0,0,0,0,0,0,0,0,0,0,0,0,0,0,0,0,0,0,0,0,0,0,0,0,0,0,0,0,0,0,0,0,0,0,0,0,0,0,0,0,0,0,0,0,0,0,0,0,0,0,0,0,0,0,0,0,0,0,0,0,0,0,0,0,0,0,0,0,0,0,0,0,0,0,0,0,0,0,0,0,0,0,0,0,0,0,0,0,0,0,0,0,0,0,0,0,0,0,0,0,0,0,0,0,0,0,0,0,0,0,0,0,0,0,0,0,0,0,0,0,0,0,0,0,0,0,0,0,0,0,0,0,0,0,0,0,0,0,0,0,0,0,0,0,0,0,0,0,0,0,0,0,0,0,0,0,0,0,0,1,1,1,1,1,1,1,1,1,1,1,1,1,1,1,1,1,1,1,1,1,1,1,1,1,1,1,2,2,2,2,2,2,2,6,6,6,6,6,6,6,6,6,6,6,6,6,6,7,9,9,9,9,9,9,9,9,9,9,9,9,9,10,10,10,11,11,11,11,11,11,11,11,11,11,11,11,12,12,12,12,12,12,12,12,12,12,12,12,12,12,12,12,12,12,12,12,12,12,12,12,12,12,12,12,12,12,12,12,12,12,12,12,12,12,12,12,12,12,12,12,12,12,12,12,12,12,12,12,12,12,12,12,12,12,12,12,12,12,12,12,12,12,12,12,13,13,13,13,14,14,14,14,15,15,15,15,15,15,15,15,15,17,17,17,17,17,17,17,17,17,CAN,19,Americas,21,Northern America,,,17
Nova Scotia,Canada,44.682,-63.7443,0,0,0,0,0,0,0,0,0,0,0,0,0,0,0,0,0,0,0,0,0,0,0,0,0,0,0,0,0,0,0,0,0,0,0,0,0,0,0,0,0,0,0,0,0,0,0,0,0,0,0,0,0,0,0,0,0,0,0,0,0,0,0,0,0,0,0,0,0,0,0,0,0,0,0,0,0,1,2,2,2,2,3,3,3,3,4,7,9,9,10,12,16,16,22,24,24,27,28,28,29,31,37,38,41,41,44,46,47,47,48,48,51,51,55,55,55,55,56,57,58,58,58,58,58,59,59,59,59,60,60,60,60,60,61,61,61,61,61,62,62,62,62,62,62,62,62,62,62,62,62,62,63,63,63,63,63,63,63,63,63,63,63,63,63,63,63,63,63,63,63,63,63,63,63,63,63,63,63,63,63,63,63,63,63,63,63,63,63,64,64,64,64,64,64,64,64,64,64,64,64,64,64,64,64,64,64,64,64,64,64,64,64,64,65,65,65,65,65,65,65,65,65,65,65,65,65,65,65,65,65,65,65,65,65,65,65,65,65,65,65,65,65,65,65,65,65,65,65,65,65,65,65,65,65,65,65,65,65,65,65,65,65,65,65,65,65,65,65,65,65,65,65,65,65,65,65,65,65,65,65,65,65,65,65,65,65,65,65,65,65,65,65,65,65,65,65,65,65,65,65,65,65,65,65,65,65,65,65,65,65,65,65,65,65,65,65,65,65,65,65,65,65,65,65,65,65,65,65,65,65,65,65,65,65,65,65,65,65,65,65,65,65,65,65,65,65,65,65,65,65,65,65,65,65,65,65,65,65,65,65,65,65,65,65,65,65,65,65,65,65,65,65,65,65,65,65,65,65,65,65,65,65,65,65,65,65,65,65,65,65,65,65,65,65,65,65,65,65,65,65,65,65,65,65,65,65,65,65,65,65,65,65,65,65,65,65,65,65,65,65,66,66,66,66,66,66,66,66,66,66,66,66,66,66,66,66,66,66,66,66,66,66,66,66,66,66,66,66,66,67,67,67,67,67,67,67,67,67,67,67,67,67,67,67,67,67,67,69,69,69,70,71,71,71,71,71,71,72,72,72,72,72,74,74,76,77,79,79,79,79,79,80,84,85,85,85,87,88,88,88,88,88,88,88,88,89,89,89,90,90,90,90,90,90,90,90,92,92,92,92,92,92,92,92,92,92,92,92,92,92,92,92,92,92,92,92,92,92,92,92,92,92,92,92,92,92,93,93,93,93,93,93,93,93,93,93,93,93,93,93,93,93,93,93,93,93,93,93,93,93,93,93,93,93,93,93,93,93,93,93,94,94,94,94,94,94,94,94,94,94,94,94,94,94,94,94,94,94,94,94,94,94,94,94,94,94,94,94,94,95,95,95,95,96,97,97,97,97,97,97,97,97,98,98,98,98,98,98,98,98,98,98,98,98,98,98,98,98,98,98,98,99,100,100,100,100,100,100,101,101,101,101,101,101,101,101,102,102,102,102,102,102,105,105,105,105,106,106,106,107,107,107,108,108,108,108,110,110,110,110,110,110,110,110,110,110,110,110,110,110,110,110,110,110,110,110,110,110,110,111,111,111,111,111,111,111,111,111,111,111,111,111,111,111,111,111,111,111,112,114,115,117,117,117,117,117,121,122,124,128,128,128,128,131,136,136,142,142,142,142,146,147,153,157,157,157,158,161,161,166,167,CAN,19,Americas,21,Northern America,,,167
Nunavut,Canada,70.2998,-83.1076,0,0,0,0,0,0,0,0,0,0,0,0,0,0,0,0,0,0,0,0,0,0,0,0,0,0,0,0,0,0,0,0,0,0,0,0,0,0,0,0,0,0,0,0,0,0,0,0,0,0,0,0,0,0,0,0,0,0,0,0,0,0,0,0,0,0,0,0,0,0,0,0,0,0,0,0,0,0,0,0,0,0,0,0,0,0,0,0,0,0,0,0,0,0,0,0,0,0,0,0,0,0,0,0,0,0,0,0,0,0,0,0,0,0,0,0,0,0,0,0,0,0,0,0,0,0,0,0,0,0,0,0,0,0,0,0,0,0,0,0,0,0,0,0,0,0,0,0,0,0,0,0,0,0,0,0,0,0,0,0,0,0,0,0,0,0,0,0,0,0,0,0,0,0,0,0,0,0,0,0,0,0,0,0,0,0,0,0,0,0,0,0,0,0,0,0,0,0,0,0,0,0,0,0,0,0,0,0,0,0,0,0,0,0,0,0,0,0,0,0,0,0,0,0,0,0,0,0,0,0,0,0,0,0,0,0,0,0,0,0,0,0,0,0,0,0,0,0,0,0,0,0,0,0,0,0,0,0,0,0,0,0,0,0,0,0,0,0,0,0,0,0,0,0,0,0,0,0,0,0,0,0,0,0,0,0,0,0,0,0,0,0,0,0,0,0,0,0,0,0,0,0,0,0,0,0,0,0,0,0,0,0,0,0,0,0,0,0,0,0,0,0,0,0,0,0,0,0,0,0,0,0,0,1,1,1,1,1,1,1,1,1,1,1,1,1,1,1,1,1,1,1,1,1,1,1,1,1,1,1,1,1,1,1,1,1,1,1,1,1,1,1,1,1,1,1,1,1,1,1,1,1,1,1,1,1,1,1,1,1,1,1,1,1,1,1,1,1,1,1,1,1,1,1,1,1,1,1,1,1,1,1,1,1,1,1,1,1,1,1,1,4,4,4,4,4,4,4,4,4,4,4,4,4,4,4,4,4,4,4,4,4,4,4,4,4,4,4,4,4,4,4,4,4,4,4,4,4,4,4,4,4,4,4,4,4,4,4,4,4,4,4,4,4,4,4,4,4,4,4,4,4,4,4,4,4,4,4,4,4,4,4,4,4,4,4,4,4,4,4,4,4,4,4,4,4,4,4,4,4,4,4,4,4,4,4,4,4,4,4,4,4,4,4,4,4,4,4,4,4,4,4,4,4,4,4,4,4,4,4,4,4,4,4,4,4,4,4,4,4,4,4,4,4,4,4,4,4,4,4,4,4,4,4,4,4,4,4,4,4,4,4,4,4,4,4,4,4,4,4,4,4,4,4,4,4,4,4,4,4,4,4,4,4,4,4,4,4,4,4,4,4,4,4,4,4,4,4,4,4,4,4,4,4,4,4,4,4,4,4,4,4,4,4,4,4,4,4,4,4,4,4,4,4,4,4,4,4,4,4,4,4,4,4,4,4,4,4,4,4,4,4,4,4,4,4,4,4,4,4,4,4,4,4,4,4,4,4,4,4,4,4,4,4,4,4,4,4,4,4,4,4,4,4,4,4,4,4,4,4,4,4,4,4,4,4,4,4,4,4,4,4,4,4,4,4,4,4,4,4,4,4,4,4,4,4,4,4,4,4,4,4,4,4,4,4,4,5,5,5,5,5,5,5,5,5,5,5,5,5,5,5,5,5,5,5,5,5,5,5,5,5,CAN,19,Americas,21,Northern America,,,5
Ontario,Canada,51.2538,-85.3232,0,0,0,0,0,0,0,0,0,0,0,0,0,0,0,0,0,0,0,0,0,0,0,0,0,0,0,0,0,0,0,0,0,0,0,0,0,0,0,0,0,0,0,0,0,0,0,0,0,0,0,0,0,0,0,1,1,1,2,3,5,6,8,13,15,18,19,23,23,33,37,53,67,94,119,132,153,174,200,222,253,274,291,334,385,423,478,514,553,584,622,659,713,763,811,835,892,951,996,1082,1121,1176,1216,1300,1361,1429,1477,1540,1599,1634,1669,1725,1765,1798,1825,1858,1881,1904,1919,1962,1993,2021,2048,2073,2102,2123,2155,2189,2230,2247,2266,2276,2293,2312,2357,2372,2407,2426,2450,2464,2475,2487,2498,2507,2519,2527,2538,2550,2553,2564,2595,2606,2609,2619,2631,2641,2644,2652,2658,2665,2672,2676,2680,2682,2687,2689,2689,2691,2700,2703,2710,2716,2719,2722,2723,2732,2737,2746,2748,2751,2752,2753,2755,2755,2758,2759,2763,2764,2768,2769,2772,2775,2777,2778,2778,2782,2782,2783,2783,2784,2786,2786,2786,2787,2787,2788,2789,2789,2789,2793,2792,2793,2796,2797,2797,2798,2800,2802,2803,2809,2809,2810,2811,2812,2812,2812,2811,2811,2813,2813,2813,2813,2814,2813,2814,2815,2816,2820,2822,2825,2825,2826,2827,2829,2832,2835,2836,2837,2837,2839,2840,2844,2848,2851,2927,2968,2975,2980,2987,2988,2992,2997,3004,3005,3008,3017,3017,3022,3031,3041,3046,3050,3053,3062,3071,3080,3086,3093,3099,3103,3108,3118,3127,3136,3145,3152,3166,3182,3195,3209,3220,3233,3245,3260,3275,3293,3312,3332,3361,3371,3383,3415,3443,3451,3472,3486,3505,3519,3554,3575,3595,3624,3648,3656,3663,3698,3712,3737,3757,3772,3798,3808,3836,3871,3916,3933,3949,3972,3992,4035,4058,4098,4125,4150,4167,4188,4229,4278,4321,4359,4377,4414,4455,4474,4530,4581,4625,4650,4679,4730,4767,4856,4882,4922,4983,5012,5053,5127,5189,5289,5340,5409,5433,5479,5568,5614,5701,5753,5803,5846,5909,5958,6014,6072,6145,6188,6224,6238,6305,6393,6438,6483,6505,6538,6555,6596,6614,6632,6651,6693,6706,6719,6729,6773,6820,6848,6861,6872,6884,6893,6916,6944,6960,6980,6986,6997,7014,7024,7046,7052,7067,7077,7083,7099,7109,7127,7138,7153,7162,7173,7187,7202,7212,7223,7241,7244,7253,7263,7280,7292,7308,7327,7337,7351,7366,7389,7412,7428,7440,7450,7458,7475,7494,7512,7531,7552,7567,7582,7610,7639,7664,7698,7716,7735,7757,7789,7829,7863,7887,7911,7935,7964,7988,8029,8050,8079,8102,8118,8143,8187,8213,8236,8261,8308,8327,8342,8374,8405,8431,8455,8485,8489,8506,8525,8552,8579,8599,8614,8622,8655,8678,8697,8711,8726,8744,8757,8766,8791,8801,8820,8844,8854,8869,8887,8920,8931,8935,8950,8957,8961,8974,8986,8993,8994,9007,9019,9022,9082,9093,9099,9101,9114,9126,9129,9154,9168,9187,9196,9205,9214,9215,9224,9224,9228,9237,9245,9251,9251,9258,9265,9275,9285,9288,9294,9294,9296,9300,9307,9308,9311,9313,9316,9321,9325,9328,9339,9345,9347,9348,9349,9360,9374,9392,9401,9407,9407,9409,9412,9412,9416,9418,9418,9418,9428,9431,9448,9450,9451,9453,9453,9471,9472,9472,9489,9496,9498,9498,9503,9516,9530,9536,9545,9548,9550,9553,9569,9579,9590,9605,9611,9617,9624,9629,9632,9637,9647,9653,9655,9663,9670,9677,9688,9698,9704,9704,9715,9723,9732,9743,9750,9752,9754,9757,9771,9776,9786,9788,9790,9792,9792,9804,9807,9809,9814,9813,9815,9819,9823,9827,9839,9845,9846,9846,9852,9862,9865,9865,9869,9871,9874,9881,9886,9891,9896,9896,9898,9900,9903,9912,9916,9921,9927,9934,9937,9938,9950,9955,9959,9964,9967,9968,9974,9981,9985,9991,9993,9994,9997,10000,10005,10012,10016,10024,10024,10027,10036,10044,10054,10065,10070,10078,10079,10084,10093,10102,10107,10111,10113,10113,10123,10133,10140,10146,10149,10156,10161,10168,10171,10179,10194,10206,10223,10229,10239,10252,10272,10315,10345,10366,10378,10399,10445,10480,10522,10565,10605,10628,10666,10726,10801,10865,10912,10968,11004,11068,11160,11230,11298,11354,11412,11444,11504,11576,11651,11711,11770,11825,11836,11878,11944,11988,12040,CAN,19,Americas,21,Northern America,,,12040
Prince Edward Island,Canada,46.5107,-63.4168,0,0,0,0,0,0,0,0,0,0,0,0,0,0,0,0,0,0,0,0,0,0,0,0,0,0,0,0,0,0,0,0,0,0,0,0,0,0,0,0,0,0,0,0,0,0,0,0,0,0,0,0,0,0,0,0,0,0,0,0,0,0,0,0,0,0,0,0,0,0,0,0,0,0,0,0,0,1,0,0,0,0,0,0,0,0,0,0,0,0,0,0,0,0,0,0,0,0,0,0,0,0,0,0,0,0,0,0,0,0,0,0,0,0,0,0,0,0,0,0,0,0,0,0,0,0,0,0,0,0,0,0,0,0,0,0,0,0,0,0,0,0,0,0,0,0,0,0,0,0,0,0,0,0,0,0,0,0,0,0,0,0,0,0,0,0,0,0,0,0,0,0,0,0,0,0,0,0,0,0,0,0,0,0,0,0,0,0,0,0,0,0,0,0,0,0,0,0,0,0,0,0,0,0,0,0,0,0,0,0,0,0,0,0,0,0,0,0,0,0,0,0,0,0,0,0,0,0,0,0,0,0,0,0,0,0,0,0,0,0,0,0,0,0,0,0,0,0,0,0,0,0,0,0,0,0,0,0,0,0,0,0,0,0,0,0,0,0,0,0,0,0,0,0,0,0,0,0,0,0,0,0,0,0,0,0,0,0,0,0,0,0,0,0,0,0,0,0,0,0,0,0,0,0,0,0,0,0,0,0,0,0,0,0,0,0,0,0,0,0,0,0,0,0,0,0,0,0,0,0,0,0,0,0,0,0,0,0,0,0,0,0,0,0,0,0,0,0,0,0,0,0,0,0,0,0,0,0,0,0,0,0,0,0,0,0,0,0,0,0,0,0,0,0,0,0,0,0,0,0,0,0,0,0,0,0,0,0,0,0,0,0,0,0,0,0,0,0,0,0,0,0,0,0,0,0,0,0,0,0,0,0,0,0,0,0,0,0,0,0,0,0,0,0,0,0,0,0,0,0,0,0,0,0,0,0,0,0,0,0,0,0,0,0,0,0,0,0,0,0,0,0,0,0,0,0,0,0,0,0,0,0,0,0,0,0,0,0,0,0,0,0,0,0,0,0,0,0,0,0,0,0,0,0,0,0,0,0,0,0,0,0,0,0,0,0,0,0,0,0,0,0,0,0,0,0,0,0,0,0,0,0,0,0,0,0,0,0,0,0,0,0,0,0,0,0,0,0,0,0,0,0,0,0,0,0,0,0,0,0,0,0,0,0,0,0,0,0,0,0,0,0,0,0,0,0,0,0,0,0,0,0,0,0,0,0,0,0,0,0,0,0,0,0,0,0,0,0,0,0,0,0,0,0,0,0,0,0,0,0,0,0,0,0,0,0,0,0,0,0,0,0,0,0,0,0,0,0,0,0,0,0,0,0,0,0,0,0,0,0,0,0,0,0,0,0,0,0,0,0,0,0,0,0,0,0,0,0,0,0,0,0,0,0,0,0,0,0,0,0,0,0,0,0,0,0,0,0,0,0,0,0,0,0,0,0,0,0,0,0,0,0,0,0,0,0,0,0,0,0,0,0,0,0,0,0,0,0,0,0,0,0,0,0,0,0,0,0,0,0,0,0,0,0,0,0,0,0,0,0,0,0,0,0,0,0,0,0,0,0,0,0,0,2,2,2,2,2,2,3,3,3,3,6,9,9,9,9,9,9,10,10,11,11,11,11,11,12,12,13,13,13,CAN,19,Americas,21,Northern America,,,13
Quebec,Canada,52.9399,-73.5491,0,0,0,0,0,0,0,0,0,0,0,0,0,0,0,0,0,0,0,0,0,0,0,0,0,0,0,0,0,0,0,0,0,0,0,0,0,0,0,0,0,0,0,0,0,0,0,0,0,0,0,0,0,0,0,1,3,3,4,5,5,8,11,18,27,30,43,54,67,82,99,121,159,203,251,302,356,416,484,551,621,709,804,895,994,1089,1176,1274,1400,1503,1618,1735,1852,1968,2092,2203,2318,2456,2607,2728,2866,2981,3080,3189,3290,3385,3478,3569,3668,3760,3855,3939,4006,4091,4175,4255,4321,4390,4448,4519,4580,4650,4713,4777,4835,4899,4959,5038,5097,5137,5173,5209,5243,5277,5294,5323,5348,5370,5387,5406,5425,5447,5465,5482,5493,5511,5519,5528,5534,5547,5551,5561,5569,5582,5597,5604,5607,5611,5615,5625,5633,5639,5647,5651,5655,5658,5665,5668,5672,5677,5680,5684,5685,5687,5688,5693,5697,5699,5701,5702,5702,5704,5707,5709,5710,5711,5711,5713,5714,5714,5718,5719,5721,5723,5723,5723,5726,5729,5730,5732,5734,5736,5739,5742,5743,5745,5748,5752,5754,5755,5758,5760,5764,5764,5767,5769,5769,5770,5770,5776,5778,5779,5780,5780,5781,5783,5783,5784,5784,5786,5786,5790,5791,5791,5793,5796,5800,5803,5806,5809,5815,5821,5823,5825,5828,5832,5838,5840,5846,5850,5858,5866,5879,5889,5896,5905,5915,5923,5934,5949,5960,5966,5983,5995,6005,6015,6035,6045,6065,6072,6082,6103,6115,6137,6155,6170,6189,6205,6222,6240,6263,6279,6305,6335,6355,6366,6386,6409,6430,6456,6477,6506,6537,6569,6599,6634,6652,6677,6703,6728,6759,6796,6824,6850,6878,6910,6934,6973,7002,7031,7056,7084,7117,7148,7172,7206,7245,7280,7314,7342,7377,7419,7449,7479,7523,7561,7594,7640,7679,7709,7762,7796,7828,7865,7901,7957,8003,8040,8085,8130,8173,8219,8265,8317,8356,8388,8433,8473,8528,8577,8624,8671,8717,8762,8800,8840,8886,8950,9005,9051,9096,9137,9188,9235,9293,9338,9396,9443,9494,9519,9553,9561,9667,9717,9763,9794,9826,9862,9899,9941,9973,9999,10031,10046,10078,10112,10149,10173,10201,10214,10229,10246,10258,10264,10278,10292,10307,10318,10330,10346,10361,10372,10385,10393,10399,10407,10426,10445,10455,10465,10472,10481,10493,10503,10518,10526,10535,10540,10550,10558,10570,10576,10587,10594,10599,10614,10618,10626,10630,10637,10645,10647,10651,10658,10667,10676,10681,10684,10693,10697,10701,10709,10718,10726,10737,10742,10744,10756,10763,10778,10785,10793,10802,10816,10833,10838,10845,10860,10869,10878,10886,10898,10908,10913,10926,10933,10942,10944,10959,10964,10971,10974,10981,10987,10993,11002,11012,11017,11025,11032,11034,11042,11050,11058,11066,11075,11081,11084,11095,11101,11105,11115,11118,11125,11127,11128,11133,11138,11144,11148,11150,11149,11152,11156,11164,11166,11167,11170,11172,11173,11177,11177,11178,11180,11189,11191,11191,11195,11198,11202,11202,11202,11202,11203,11207,11210,11210,11217,11217,11217,11218,11218,11219,11229,11230,11230,11230,11231,11231,11231,11232,11235,11236,11236,11236,11236,11235,11238,11239,11239,11240,11240,11240,11240,11240,11241,11241,11241,11241,11241,11240,11240,11241,11241,11241,11242,11241,11242,11242,11242,11243,11242,11242,11242,11278,11277,11279,11279,11279,11280,11283,11284,11285,11285,11285,11285,11285,11286,11288,11289,11291,11292,11293,11293,11293,11296,11297,11301,11301,11304,11305,11312,11313,11315,11318,11321,11325,11326,11335,11340,11347,11349,11349,11349,11356,11362,11369,11371,11377,11382,11383,11389,11397,11400,11405,11410,11412,11415,11420,11422,11429,11431,11437,11440,11444,11449,11453,11455,11458,11466,11470,11472,11477,11481,11485,11490,11491,11493,11494,11496,11502,11510,11510,11511,11515,11518,11522,11528,11529,11533,11535,11541,11545,11546,11548,11548,11550,11552,11555,11558,11560,11565,11566,11571,11571,11574,11574,11576,11579,11581,11583,11585,11586,11587,11589,11594,11596,11597,11603,11607,11608,11611,11618,11622,11627,11634,11636,11639,11642,11650,11652,11658,11660,11664,11667,11677,11692,11702,11711,11724,11732,11745,11760,11760,11820,11846,11873,11873,11917,11966,12028,12080,12125,12193,12289,12310,12364,12453,12541,12639,12698,12766,12766,12851,12936,12936,13065,13113,13179,13190,13223,13286,13336,13378,13420,13453,13475,13495,13551,13582,13617,13656,CAN,19,Americas,21,Northern America,,,13656
Saskatchewan,Canada,52.9399,-106.4509,0,0,0,0,0,0,0,0,0,0,0,0,0,0,0,0,0,0,0,0,0,0,0,0,0,0,0,0,0,0,0,0,0,0,0,0,0,0,0,0,0,0,0,0,0,0,0,0,0,0,0,0,0,0,0,0,0,0,0,0,0,0,0,0,0,0,0,0,2,2,3,3,3,3,3,3,3,3,3,3,4,4,4,4,4,4,4,4,4,4,4,4,4,4,4,4,5,5,6,7,7,7,7,7,7,7,7,7,7,7,7,7,7,7,7,7,7,7,7,7,7,7,7,7,7,8,10,10,10,10,11,11,11,11,11,11,11,11,13,13,13,13,13,13,13,13,13,13,13,13,13,13,13,13,13,13,13,13,13,13,13,13,14,14,14,14,14,15,15,15,15,15,15,15,15,15,15,15,15,15,15,15,15,16,16,16,16,16,17,17,18,18,18,18,18,18,18,19,20,20,20,20,20,20,20,20,21,22,22,22,22,22,22,22,22,22,23,24,24,24,24,24,24,24,24,24,24,24,24,24,24,24,24,24,24,24,24,24,24,24,24,24,24,24,24,24,24,24,24,24,24,24,24,24,24,24,24,24,24,24,24,24,24,25,25,25,25,25,25,25,25,25,25,25,25,25,25,25,25,25,25,25,25,25,25,25,25,25,25,25,27,28,29,29,29,29,29,29,31,31,31,32,32,33,33,33,37,37,37,40,44,45,45,47,51,53,54,55,55,59,60,66,71,75,75,86,89,91,98,98,105,107,115,118,122,125,130,134,134,134,141,141,151,154,155,155,158,158,160,165,174,177,184,191,191,199,204,206,206,210,212,215,219,225,226,239,247,250,253,254,268,274,285,292,300,304,306,314,322,329,332,336,339,341,346,348,348,350,354,354,354,357,362,362,365,368,372,372,376,379,380,380,385,385,385,387,389,391,393,396,398,399,400,401,401,404,405,407,407,409,410,411,414,417,418,418,419,420,422,430,430,433,433,434,436,436,437,436,439,440,443,445,447,453,453,454,455,457,458,460,462,462,465,465,465,469,470,471,473,475,476,482,486,487,491,494,495,498,499,501,501,502,502,502,502,506,508,513,515,516,517,519,522,522,522,524,526,527,527,527,528,534,536,537,538,539,540,541,543,543,546,546,549,551,552,553,554,555,555,556,560,562,561,562,562,563,565,565,565,565,565,566,566,566,568,568,568,568,568,568,568,569,570,570,571,572,573,573,573,573,573,575,575,575,575,575,575,575,577,578,578,579,578,578,578,578,578,578,578,578,579,581,582,582,582,582,584,584,586,586,586,586,586,586,586,586,586,586,586,586,592,592,594,596,597,598,601,603,607,608,610,610,611,612,613,615,616,617,618,621,625,627,629,630,637,638,639,641,646,651,658,663,667,670,672,682,685,695,700,708,711,716,726,733,737,741,746,747,751,753,764,769,773,776,781,785,793,798,800,812,817,817,817,827,832,843,846,850,851,854,859,862,862,863,866,872,873,874,878,886,891,893,894,896,897,901,905,908,910,911,912,914,914,915,916,921,925,926,926,927,928,929,929,929,931,934,936,936,937,937,937,937,941,941,941,942,942,942,942,943,944,945,945,945,945,945,947,951,955,955,955,955,955,960,960,961,961,961,961,961,961,961,961,961,961,961,961,961,961,961,969,972,972,975,977,977,985,987,989,990,992,993,997,1001,1005,1006,1012,1012,1012,1012,1012,1012,CAN,19,Americas,21,Northern America,,,1012
Yukon,Canada,64.2823,-135,0,0,0,0,0,0,0,0,0,0,0,0,0,0,0,0,0,0,0,0,0,0,0,0,0,0,0,0,0,0,0,0,0,0,0,0,0,0,0,0,0,0,0,0,0,0,0,0,0,0,0,0,0,0,0,0,0,0,0,0,0,0,0,0,0,0,0,0,0,0,0,0,0,0,0,0,0,0,0,0,0,0,0,0,0,0,0,0,0,0,0,0,0,0,0,0,0,0,0,0,0,0,0,0,0,0,0,0,0,0,0,0,0,0,0,0,0,0,0,0,0,0,0,0,0,0,0,0,0,0,0,0,0,0,0,0,0,0,0,0,0,0,0,0,0,0,0,0,0,0,0,0,0,0,0,0,0,0,0,0,0,0,0,0,0,0,0,0,0,0,0,0,0,0,0,0,0,0,0,0,0,0,0,0,0,0,0,0,0,0,0,0,0,0,0,0,0,0,0,0,0,0,0,0,0,0,0,0,0,0,0,0,0,0,0,0,0,0,0,0,0,0,0,0,0,0,0,0,0,0,0,0,0,0,0,0,0,0,0,0,0,0,0,0,0,0,0,0,0,0,0,0,0,0,0,0,0,0,0,0,0,0,0,0,0,0,0,0,0,0,0,0,0,0,0,0,0,0,0,0,0,0,1,1,1,1,1,1,1,1,1,1,1,1,1,1,1,1,1,1,1,1,1,1,1,1,1,1,1,1,1,1,1,1,1,1,1,1,1,1,1,1,1,1,1,1,1,1,1,1,1,1,1,1,1,1,1,1,1,1,1,1,1,1,1,1,1,1,1,1,1,1,1,1,1,1,1,1,1,1,1,1,1,1,1,1,1,1,1,1,1,1,1,1,1,1,1,1,1,1,1,1,1,1,1,1,1,1,1,1,1,1,1,1,1,1,1,1,1,1,1,1,1,1,1,1,1,1,1,1,1,1,1,1,1,1,1,1,1,1,1,1,1,1,1,1,1,1,1,1,1,1,1,1,1,1,1,1,1,1,1,1,1,1,1,1,1,1,1,1,1,1,1,1,1,1,1,1,1,1,2,2,2,2,2,2,2,2,2,2,2,2,2,2,2,2,2,2,2,2,2,2,2,2,2,2,2,2,2,2,2,2,2,2,2,2,2,2,2,2,2,2,2,2,2,2,2,2,2,3,3,3,3,3,3,3,3,3,3,4,4,4,4,4,5,5,5,5,5,5,5,5,5,5,5,5,5,6,6,6,6,6,6,6,6,6,6,6,6,6,6,6,6,6,7,7,7,7,7,8,8,8,8,8,8,8,8,8,8,8,8,8,8,8,8,8,8,8,8,8,8,8,8,8,8,8,8,8,8,8,8,8,8,8,8,9,9,9,9,9,9,9,9,9,9,9,9,9,9,9,9,9,9,9,9,9,9,9,9,9,9,10,10,10,10,10,10,10,10,10,10,10,10,10,10,10,10,10,10,10,10,10,10,10,10,10,10,10,10,10,10,10,10,10,10,10,10,10,10,10,10,11,11,11,11,11,12,12,12,12,12,12,12,12,13,13,13,13,13,13,14,14,14,14,14,14,14,14,14,14,14,14,14,14,14,14,14,14,14,14,14,14,14,14,14,14,14,14,14,15,15,15,15,15,15,15,15,15,15,15,15,15,15,15,15,15,15,15,15,15,16,16,16,16,16,16,16,16,16,16,16,16,16,18,18,18,18,20,20,20,20,20,CAN,19,Americas,21,Northern America,,,20